No,Reffering Domain,Domain Authority,Competitors It Links To
1,youtube.com,100,"simplybusiness.co.uk, unbiased.co.uk"
2,apple.com,99,"bark.com, crunch.co.uk"
3,docs.google.com,98,bark.com
4,en.wikipedia.org,97,"bark.com, crunch.co.uk, simplybusiness.co.uk, unbiased.co.uk"
5,plus.google.com,97,"bark.com, gosimpletax.com, simplybusiness.co.uk"
6,mozilla.org,97,bark.com
7,europa.eu,97,unbiased.co.uk
8,github.com,96,"bark.com, crunch.co.uk, gosimpletax.com, simplybusiness.co.uk"
9,sites.google.com,96,"bark.com, unbiased.co.uk"
10,adobe.com,96,bark.com
11,gravatar.com,96,bark.com
12,medium.com,95,"bark.com, crunch.co.uk, gosimpletax.com, simplybusiness.co.uk, unbiased.co.uk"
13,feedburner.com,95,"bark.com, crunch.co.uk, simplybusiness.co.uk, unbiased.co.uk"
14,forbes.com,95,"bark.com, crunch.co.uk, simplybusiness.co.uk, unbiased.co.uk"
15,shopify.com,95,"bark.com, crunch.co.uk, simplybusiness.co.uk"
16,bbc.co.uk,95,"bark.com, crunch.co.uk, unbiased.co.uk"
17,goo.gl,95,"bark.com, crunch.co.uk, simplybusiness.co.uk"
18,googleblog.com,95,"bark.com, simplybusiness.co.uk"
19,www.yahoo.com,95,bark.com
20,vimeo.com,95,bark.com
21,imdb.com,95,bark.com
22,nytimes.com,95,bark.com
23,amazon.com,95,bark.com
24,jimdofree.com,95,bark.com
25,uol.com.br,95,crunch.co.uk
26,paypal.com,95,unbiased.co.uk
27,myspace.com,95,bark.com
28,msn.com,95,unbiased.co.uk
29,bit.ly,94,"bark.com, crunch.co.uk, gosimpletax.com, simplybusiness.co.uk, unbiased.co.uk"
30,mirror.co.uk,94,"bark.com, crunch.co.uk, gosimpletax.com, simplybusiness.co.uk, unbiased.co.uk"
31,www.gov.uk,94,"bark.com, crunch.co.uk, gosimpletax.com, simplybusiness.co.uk, unbiased.co.uk"
32,theguardian.com,94,"bark.com, crunch.co.uk, gosimpletax.com, simplybusiness.co.uk, unbiased.co.uk"
33,thesun.co.uk,94,"bark.com, gosimpletax.com, simplybusiness.co.uk, unbiased.co.uk"
34,tinyurl.com,94,"bark.com, crunch.co.uk, simplybusiness.co.uk, unbiased.co.uk"
35,telegraph.co.uk,94,"bark.com, crunch.co.uk, simplybusiness.co.uk, unbiased.co.uk"
36,pinterest.com,94,"bark.com, crunch.co.uk, simplybusiness.co.uk"
37,businessinsider.com,94,"bark.com, gosimpletax.com, simplybusiness.co.uk"
38,hatena.ne.jp,94,"bark.com, simplybusiness.co.uk"
39,it.com,94,"bark.com, unbiased.co.uk"
40,news.yahoo.com,94,"bark.com, unbiased.co.uk"
41,yandex.com,94,"bark.com, unbiased.co.uk"
42,linktr.ee,94,"bark.com, simplybusiness.co.uk"
43,dailymail.co.uk,94,"bark.com, simplybusiness.co.uk"
44,bbc.com,94,"crunch.co.uk, unbiased.co.uk"
45,reuters.com,94,unbiased.co.uk
46,de.wikipedia.org,94,bark.com
47,fandom.com,94,bark.com
48,namecheap.com,94,unbiased.co.uk
49,spotify.com,94,bark.com
50,plesk.com,94,bark.com
51,booking.com,94,simplybusiness.co.uk
52,usatoday.com,94,bark.com
53,ft.com,94,unbiased.co.uk
54,cdc.gov,94,bark.com
55,wordpress.com,94,bark.com
56,huffpost.com,94,bark.com
57,pixabay.com,94,bark.com
58,express.co.uk,93,"bark.com, crunch.co.uk, gosimpletax.com, simplybusiness.co.uk, unbiased.co.uk"
59,standard.co.uk,93,"bark.com, crunch.co.uk, gosimpletax.com, simplybusiness.co.uk, unbiased.co.uk"
60,metro.co.uk,93,"bark.com, gosimpletax.com, simplybusiness.co.uk, unbiased.co.uk"
61,finance.yahoo.com,93,"bark.com, gosimpletax.com, simplybusiness.co.uk, unbiased.co.uk"
62,dailystar.co.uk,93,"bark.com, gosimpletax.com, simplybusiness.co.uk"
63,vercel.app,93,"bark.com, crunch.co.uk, simplybusiness.co.uk"
64,sakura.ne.jp,93,"bark.com, crunch.co.uk, gosimpletax.com"
65,techcrunch.com,93,"bark.com, crunch.co.uk, simplybusiness.co.uk"
66,wikihow.com,93,"bark.com, crunch.co.uk, simplybusiness.co.uk"
67,netlify.app,93,"bark.com, gosimpletax.com, simplybusiness.co.uk"
68,outlook.com,93,"bark.com, simplybusiness.co.uk, unbiased.co.uk"
69,godaddy.com,93,"bark.com, crunch.co.uk, simplybusiness.co.uk"
70,telegra.ph,93,"bark.com, simplybusiness.co.uk"
71,gofundme.com,93,"bark.com, unbiased.co.uk"
72,springer.com,93,"bark.com, crunch.co.uk"
73,eventbrite.com,93,"bark.com, crunch.co.uk"
74,mystrikingly.com,93,"bark.com, simplybusiness.co.uk"
75,wired.com,93,"crunch.co.uk, simplybusiness.co.uk"
76,groups.google.com,93,"bark.com, crunch.co.uk"
77,search.yahoo.com,93,"bark.com, unbiased.co.uk"
78,home.pl,93,bark.com
79,lavanguardia.com,93,simplybusiness.co.uk
80,liveinternet.ru,93,bark.com
81,soundcloud.com,93,bark.com
82,cnet.com,93,bark.com
83,cambridge.org,93,unbiased.co.uk
84,nypost.com,93,bark.com
85,as.com,93,bark.com
86,euronews.com,93,bark.com
87,goodreads.com,93,bark.com
88,cutt.ly,93,bark.com
89,mashable.com,93,simplybusiness.co.uk
90,sourceforge.net,93,bark.com
91,stanford.edu,93,unbiased.co.uk
92,quora.com,93,crunch.co.uk
93,hubspot.com,93,bark.com
94,engadget.com,93,crunch.co.uk
95,ign.com,93,bark.com
96,change.org,93,simplybusiness.co.uk
97,bing.com,93,simplybusiness.co.uk
98,bandcamp.com,93,bark.com
99,surveymonkey.com,93,unbiased.co.uk
100,abc.net.au,93,crunch.co.uk
101,bloglovin.com,93,bark.com
102,foxnews.com,93,bark.com
103,nbcnews.com,93,crunch.co.uk
104,sapo.pt,93,bark.com
105,news.com.au,93,bark.com
106,cornell.edu,93,bark.com
107,buzzfeed.com,93,crunch.co.uk
108,amazonaws.com,93,bark.com
109,lycos.com,93,bark.com
110,rakuten.co.jp,93,bark.com
111,cbsnews.com,93,bark.com
112,pexels.com,93,bark.com
113,aol.com,93,bark.com
114,ameblo.jp,93,bark.com
115,clarin.com,93,bark.com
116,zendesk.com,93,bark.com
117,entrepreneur.com,92,"bark.com, crunch.co.uk, simplybusiness.co.uk, unbiased.co.uk"
118,pages.dev,92,"bark.com, crunch.co.uk, simplybusiness.co.uk, unbiased.co.uk"
119,reddit.com,92,"bark.com, crunch.co.uk, simplybusiness.co.uk, unbiased.co.uk"
120,vice.com,92,"bark.com, crunch.co.uk, simplybusiness.co.uk, unbiased.co.uk"
121,substack.com,92,"bark.com, crunch.co.uk, simplybusiness.co.uk, unbiased.co.uk"
122,mdpi.com,92,"bark.com, simplybusiness.co.uk, unbiased.co.uk"
123,behance.net,92,"bark.com, crunch.co.uk, gosimpletax.com"
124,hubpages.com,92,"bark.com, crunch.co.uk, unbiased.co.uk"
125,theconversation.com,92,"crunch.co.uk, simplybusiness.co.uk, unbiased.co.uk"
126,scoop.it,92,"bark.com, crunch.co.uk, simplybusiness.co.uk"
127,habr.com,92,"bark.com, simplybusiness.co.uk, unbiased.co.uk"
128,tes.com,92,"crunch.co.uk, simplybusiness.co.uk, unbiased.co.uk"
129,blog.fc2.com,92,"bark.com, unbiased.co.uk"
130,timeout.com,92,"bark.com, unbiased.co.uk"
131,about.me,92,"bark.com, simplybusiness.co.uk"
132,ziddu.com,92,"bark.com, simplybusiness.co.uk"
133,cosmopolitan.com,92,"bark.com, unbiased.co.uk"
134,flickr.com,92,"crunch.co.uk, gosimpletax.com"
135,theglobeandmail.com,92,"bark.com, crunch.co.uk"
136,zdnet.com,92,"bark.com, crunch.co.uk"
137,fortune.com,92,"gosimpletax.com, simplybusiness.co.uk"
138,impress.co.jp,92,"crunch.co.uk, simplybusiness.co.uk"
139,france24.com,92,bark.com
140,narod.ru,92,crunch.co.uk
141,salesforce.com,92,simplybusiness.co.uk
142,amebaownd.com,92,bark.com
143,sueddeutsche.de,92,bark.com
144,giphy.com,92,simplybusiness.co.uk
145,bfmtv.com,92,bark.com
146,prnewswire.com,92,simplybusiness.co.uk
147,ovh.net,92,simplybusiness.co.uk
148,note.com,92,bark.com
149,radiofrance.fr,92,bark.com
150,getpocket.com,92,simplybusiness.co.uk
151,macrumors.com,92,crunch.co.uk
152,automattic.com,92,bark.com
153,mixcloud.com,92,bark.com
154,juntadeandalucia.es,92,bark.com
155,marketwatch.com,92,unbiased.co.uk
156,bitly.com,92,unbiased.co.uk
157,elespanol.com,92,bark.com
158,feedproxy.google.com,92,simplybusiness.co.uk
159,idnes.cz,92,bark.com
160,cam.ac.uk,92,unbiased.co.uk
161,e-monsite.com,92,bark.com
162,coursera.org,92,bark.com
163,gnu.org,92,bark.com
164,usp.br,92,bark.com
165,lifehacker.com,92,simplybusiness.co.uk
166,thedailybeast.com,92,bark.com
167,dribbble.com,92,bark.com
168,noaa.gov,92,bark.com
169,thetimes.com,92,unbiased.co.uk
170,opovo.com.br,92,bark.com
171,fb.me,92,bark.com
172,b-cdn.net,92,bark.com
173,windows.net,92,bark.com
174,adweek.com,92,simplybusiness.co.uk
175,gamespot.com,92,bark.com
176,corriere.it,92,bark.com
177,ndtv.com,92,bark.com
178,eluniversal.com.mx,92,bark.com
179,jotform.com,92,bark.com
180,discogs.com,92,bark.com
181,t.ly,92,bark.com
182,stackexchange.com,91,"bark.com, crunch.co.uk, gosimpletax.com, simplybusiness.co.uk, unbiased.co.uk"
183,crunchbase.com,91,"bark.com, crunch.co.uk, gosimpletax.com, simplybusiness.co.uk, unbiased.co.uk"
184,walesonline.co.uk,91,"bark.com, crunch.co.uk, gosimpletax.com, simplybusiness.co.uk, unbiased.co.uk"
185,diigo.com,91,"bark.com, crunch.co.uk, simplybusiness.co.uk, unbiased.co.uk"
186,eventbrite.co.uk,91,"bark.com, crunch.co.uk, simplybusiness.co.uk"
187,chron.com,91,"bark.com, simplybusiness.co.uk, unbiased.co.uk"
188,is.gd,91,"bark.com, crunch.co.uk, simplybusiness.co.uk"
189,prweb.com,91,"bark.com, crunch.co.uk, unbiased.co.uk"
190,indeed.com,91,"bark.com, crunch.co.uk, simplybusiness.co.uk"
191,webflow.io,91,"bark.com, crunch.co.uk, simplybusiness.co.uk"
192,yimg.com,91,"simplybusiness.co.uk, unbiased.co.uk"
193,illinois.edu,91,"bark.com, gosimpletax.com"
194,ctvnews.ca,91,"bark.com, simplybusiness.co.uk"
195,thenextweb.com,91,"gosimpletax.com, simplybusiness.co.uk"
196,moz.com,91,"bark.com, simplybusiness.co.uk"
197,slashdot.org,91,"bark.com, crunch.co.uk"
198,xrea.com,91,"bark.com, unbiased.co.uk"
199,boredpanda.com,91,"bark.com, crunch.co.uk"
200,bustle.com,91,"bark.com, simplybusiness.co.uk"
201,techradar.com,91,"crunch.co.uk, gosimpletax.com"
202,lenta.ru,91,"bark.com, crunch.co.uk"
203,meetup.com,91,"crunch.co.uk, simplybusiness.co.uk"
204,homestead.com,91,"bark.com, simplybusiness.co.uk"
205,home.blog,91,"bark.com, simplybusiness.co.uk"
206,ibtimes.com,91,simplybusiness.co.uk
207,wordreference.com,91,crunch.co.uk
208,linklist.bio,91,bark.com
209,acm.org,91,bark.com
210,ameba.jp,91,bark.com
211,ufl.edu,91,bark.com
212,google.be,91,simplybusiness.co.uk
213,ucl.ac.uk,91,bark.com
214,politico.eu,91,simplybusiness.co.uk
215,journaldunet.com,91,bark.com
216,cocolog-nifty.com,91,bark.com
217,cmu.edu,91,bark.com
218,justpaste.it,91,bark.com
219,coindesk.com,91,crunch.co.uk
220,news18.com,91,bark.com
221,groupon.com,91,bark.com
222,mastercard.com,91,bark.com
223,oreilly.com,91,unbiased.co.uk
224,softonic.com,91,bark.com
225,tabelog.com,91,bark.com
226,digitaltrends.com,91,bark.com
227,bizjournals.com,91,simplybusiness.co.uk
228,rfi.fr,91,unbiased.co.uk
229,www.angelfire.com,91,bark.com
230,seekingalpha.com,91,gosimpletax.com
231,venturebeat.com,91,bark.com
232,vmware.com,91,simplybusiness.co.uk
233,dnevnik.hr,91,bark.com
234,reverbnation.com,91,bark.com
235,flipboard.com,91,bark.com
236,bigcartel.com,91,bark.com
237,bbb.org,91,bark.com
238,main.jp,91,bark.com
239,biglobe.ne.jp,91,bark.com
240,web.fc2.com,91,bark.com
241,seattletimes.com,91,bark.com
242,debian.org,91,bark.com
243,sina.com.cn,91,bark.com
244,gumroad.com,91,bark.com
245,sports.yahoo.com,91,bark.com
246,hellomagazine.com,91,simplybusiness.co.uk
247,pastebin.com,91,bark.com
248,hobbyconsolas.com,91,bark.com
249,startribune.com,91,simplybusiness.co.uk
250,lenovo.com,91,crunch.co.uk
251,merkur.de,91,bark.com
252,ivoox.com,91,bark.com
253,genius.com,91,bark.com
254,patreon.com,91,bark.com
255,scotsman.com,90,"bark.com, crunch.co.uk, gosimpletax.com, simplybusiness.co.uk, unbiased.co.uk"
256,manchestereveningnews.co.uk,90,"bark.com, crunch.co.uk, gosimpletax.com, simplybusiness.co.uk, unbiased.co.uk"
257,ow.ly,90,"bark.com, crunch.co.uk, gosimpletax.com, simplybusiness.co.uk, unbiased.co.uk"
258,storify.com,90,"bark.com, crunch.co.uk, simplybusiness.co.uk, unbiased.co.uk"
259,huffingtonpost.co.uk,90,"bark.com, crunch.co.uk, simplybusiness.co.uk, unbiased.co.uk"
260,podbean.com,90,"bark.com, simplybusiness.co.uk, unbiased.co.uk"
261,web.app,90,"bark.com, simplybusiness.co.uk, unbiased.co.uk"
262,icio.us,90,"bark.com, crunch.co.uk, simplybusiness.co.uk"
263,notion.site,90,"bark.com, unbiased.co.uk"
264,glassdoor.com,90,"bark.com, simplybusiness.co.uk"
265,producthunt.com,90,"bark.com, crunch.co.uk"
266,godaddysites.com,90,bark.com
267,avira.com,90,bark.com
268,harpersbazaar.com,90,bark.com
269,self.com,90,bark.com
270,uci.edu,90,bark.com
271,tripadvisor.co.uk,90,bark.com
272,udn.com,90,bark.com
273,independent.ie,90,bark.com
274,yourwebsitespace.com,90,bark.com
275,elconfidencial.com,90,bark.com
276,inquirer.com,90,bark.com
277,readthedocs.io,90,crunch.co.uk
278,dpreview.com,90,crunch.co.uk
279,namepros.com,90,bark.com
280,observer.com,90,bark.com
281,itmedia.co.jp,90,bark.com
282,news24.com,90,unbiased.co.uk
283,t13.cl,90,bark.com
284,digitaloceanspaces.com,90,bark.com
285,bt.com,90,bark.com
286,www.deviantart.com,90,bark.com
287,propublica.org,90,bark.com
288,plurk.com,90,bark.com
289,constantcontact.com,90,bark.com
290,businessinsider.de,90,simplybusiness.co.uk
291,pinterest.co.uk,90,bark.com
292,xpg.com.br,90,bark.com
293,arizona.edu,90,bark.com
294,spreaker.com,90,bark.com
295,myanimelist.net,90,bark.com
296,rtbf.be,90,bark.com
297,nine.com.au,90,bark.com
298,shinobi.jp,90,bark.com
299,jpn.org,90,bark.com
300,artstation.com,90,bark.com
301,msi.com,90,bark.com
302,goodhousekeeping.com,90,unbiased.co.uk
303,drupal.org,90,bark.com
304,esquire.com,90,bark.com
305,softpedia.com,90,unbiased.co.uk
306,so-net.ne.jp,90,crunch.co.uk
307,wired.it,90,bark.com
308,lovable.app,90,bark.com
309,itv.com,90,unbiased.co.uk
310,blogs.com,90,simplybusiness.co.uk
311,neilpatel.com,90,simplybusiness.co.uk
312,europapress.es,90,unbiased.co.uk
313,zillow.com,90,bark.com
314,ycombinator.com,89,"bark.com, crunch.co.uk, gosimpletax.com, simplybusiness.co.uk, unbiased.co.uk"
315,birminghammail.co.uk,89,"bark.com, crunch.co.uk, gosimpletax.com, simplybusiness.co.uk, unbiased.co.uk"
316,liverpoolecho.co.uk,89,"bark.com, crunch.co.uk, gosimpletax.com, simplybusiness.co.uk, unbiased.co.uk"
317,globenewswire.com,89,"bark.com, gosimpletax.com, simplybusiness.co.uk"
318,geocities.ws,89,"bark.com, crunch.co.uk, simplybusiness.co.uk"
319,foxbusiness.com,89,"bark.com, simplybusiness.co.uk"
320,www.iheart.com,89,"bark.com, gosimpletax.com"
321,shorturl.at,89,"simplybusiness.co.uk, unbiased.co.uk"
322,lse.ac.uk,89,"bark.com, unbiased.co.uk"
323,which.co.uk,89,"gosimpletax.com, unbiased.co.uk"
324,kde.org,89,"bark.com, crunch.co.uk"
325,padlet.com,89,"bark.com, simplybusiness.co.uk"
326,instapaper.com,89,"bark.com, crunch.co.uk"
327,ibtimes.co.uk,89,"bark.com, unbiased.co.uk"
328,unsw.edu.au,89,bark.com
329,business2community.com,89,simplybusiness.co.uk
330,nzherald.co.nz,89,bark.com
331,comicbook.com,89,bark.com
332,rebrand.ly,89,bark.com
333,mynewsdesk.com,89,unbiased.co.uk
334,britishcouncil.org,89,crunch.co.uk
335,vg247.com,89,bark.com
336,cbn.com,89,bark.com
337,usf.edu,89,bark.com
338,theknot.com,89,bark.com
339,jimdosite.com,89,bark.com
340,sebrae.com.br,89,simplybusiness.co.uk
341,xsrv.jp,89,bark.com
342,menshealth.com,89,bark.com
343,playbuzz.com,89,bark.com
344,giantbomb.com,89,bark.com
345,ufmg.br,89,bark.com
346,pixnet.net,89,bark.com
347,digitaljournal.com,89,simplybusiness.co.uk
348,inquisitr.com,89,bark.com
349,expansion.com,89,bark.com
350,myportfolio.com,89,bark.com
351,jcyl.es,89,bark.com
352,pbworks.com,89,bark.com
353,tistory.com,89,bark.com
354,dailyrecord.co.uk,88,"bark.com, crunch.co.uk, gosimpletax.com, simplybusiness.co.uk, unbiased.co.uk"
355,digitalspy.com,88,"bark.com, crunch.co.uk, simplybusiness.co.uk, unbiased.co.uk"
356,ask.com,88,"bark.com, crunch.co.uk, simplybusiness.co.uk, unbiased.co.uk"
357,steemit.com,88,"bark.com, gosimpletax.com, simplybusiness.co.uk"
358,cloudwaysapps.com,88,"bark.com, simplybusiness.co.uk, unbiased.co.uk"
359,pbase.com,88,"bark.com, simplybusiness.co.uk, unbiased.co.uk"
360,cultofmac.com,88,"bark.com, simplybusiness.co.uk"
361,carrd.co,88,"bark.com, crunch.co.uk"
362,hackernoon.com,88,"bark.com, crunch.co.uk"
363,squareup.com,88,"crunch.co.uk, simplybusiness.co.uk"
364,site123.me,88,"bark.com, simplybusiness.co.uk"
365,lifehack.org,88,simplybusiness.co.uk
366,womenshealthmag.com,88,bark.com
367,esy.es,88,bark.com
368,dhl.com,88,simplybusiness.co.uk
369,parliament.uk,88,unbiased.co.uk
370,searchenginejournal.com,88,simplybusiness.co.uk
371,perezhilton.com,88,bark.com
372,creativemarket.com,88,crunch.co.uk
373,zoho.com,88,bark.com
374,benzinga.com,88,unbiased.co.uk
375,oregonstate.edu,88,bark.com
376,tilda.ws,88,bark.com
377,colorado.edu,88,bark.com
378,similarweb.com,88,crunch.co.uk
379,stern.de,88,bark.com
380,yourtango.com,88,bark.com
381,livedoor.jp,88,bark.com
382,cuny.edu,88,simplybusiness.co.uk
383,vanderbilt.edu,88,bark.com
384,aarp.org,88,bark.com
385,brown.edu,88,bark.com
386,chroniclelive.co.uk,87,"bark.com, crunch.co.uk, gosimpletax.com, simplybusiness.co.uk, unbiased.co.uk"
387,nairaland.com,87,"bark.com, crunch.co.uk, simplybusiness.co.uk, unbiased.co.uk"
388,visual.ly,87,"bark.com, simplybusiness.co.uk, unbiased.co.uk"
389,metafilter.com,87,"bark.com, crunch.co.uk, unbiased.co.uk"
390,radiotimes.com,87,"bark.com, unbiased.co.uk"
391,opensuse.org,87,bark.com
392,freebsd.org,87,bark.com
393,cheezburger.com,87,crunch.co.uk
394,libreoffice.org,87,bark.com
395,ubs.com,87,unbiased.co.uk
396,gsu.edu,87,bark.com
397,blogtalkradio.com,87,bark.com
398,adp.com,87,unbiased.co.uk
399,parade.com,87,bark.com
400,uic.edu,87,simplybusiness.co.uk
401,allkpop.com,87,bark.com
402,player.fm,87,unbiased.co.uk
403,thedrum.com,87,simplybusiness.co.uk
404,distractify.com,87,crunch.co.uk
405,heraldscotland.com,87,bark.com
406,hln.be,87,bark.com
407,sympla.com.br,87,bark.com
408,malwarebytes.com,87,gosimpletax.com
409,theblaze.com,87,bark.com
410,pikabu.ru,87,crunch.co.uk
411,medicalxpress.com,87,unbiased.co.uk
412,findlaw.com,87,simplybusiness.co.uk
413,torproject.org,87,simplybusiness.co.uk
414,financialpost.com,87,bark.com
415,genbeta.com,87,simplybusiness.co.uk
416,inews.co.uk,86,"bark.com, crunch.co.uk, gosimpletax.com, simplybusiness.co.uk, unbiased.co.uk"
417,style.yahoo.com,86,"bark.com, simplybusiness.co.uk, unbiased.co.uk"
418,angel.co,86,"bark.com, unbiased.co.uk"
419,refinery29.com,86,"bark.com, simplybusiness.co.uk"
420,j.mp,86,"bark.com, simplybusiness.co.uk"
421,myftpupload.com,86,"bark.com, simplybusiness.co.uk"
422,ar.wikipedia.org,86,unbiased.co.uk
423,aaa.com,86,bark.com
424,vanityfair.it,86,bark.com
425,intensedebate.com,86,bark.com
426,syr.edu,86,bark.com
427,npmjs.com,86,crunch.co.uk
428,rb.gy,86,bark.com
429,podomatic.com,86,bark.com
430,theodysseyonline.com,86,bark.com
431,dn.pt,86,gosimpletax.com
432,ad.nl,86,bark.com
433,lbl.gov,86,bark.com
434,photoshelter.com,86,bark.com
435,allthingsd.com,86,bark.com
436,hostingersite.com,86,bark.com
437,toucharcade.com,86,crunch.co.uk
438,ucoz.com,86,bark.com
439,t3.com,86,simplybusiness.co.uk
440,marieclaire.co.uk,86,bark.com
441,alternativeto.net,86,bark.com
442,helsinki.fi,86,bark.com
443,heylink.me,86,bark.com
444,thescottishsun.co.uk,86,simplybusiness.co.uk
445,nrk.no,86,bark.com
446,semrush.com,86,simplybusiness.co.uk
447,ktla.com,86,bark.com
448,kansascity.com,86,simplybusiness.co.uk
449,pearltrees.com,86,bark.com
450,moneysavingexpert.com,85,"bark.com, crunch.co.uk, gosimpletax.com, simplybusiness.co.uk, unbiased.co.uk"
451,list.ly,85,"bark.com, crunch.co.uk, simplybusiness.co.uk, unbiased.co.uk"
452,campaign-archive.com,85,"bark.com, crunch.co.uk, simplybusiness.co.uk, unbiased.co.uk"
453,thesun.ie,85,"bark.com, gosimpletax.com, unbiased.co.uk"
454,creativebloq.com,85,"crunch.co.uk, gosimpletax.com, simplybusiness.co.uk"
455,acast.com,85,"bark.com, unbiased.co.uk"
456,toptal.com,85,"simplybusiness.co.uk, unbiased.co.uk"
457,itpro.com,85,"crunch.co.uk, simplybusiness.co.uk"
458,wfaa.com,85,bark.com
459,audacy.com,85,bark.com
460,gitbook.io,85,bark.com
461,skillshare.com,85,bark.com
462,abc7ny.com,85,bark.com
463,sputnikglobe.com,85,unbiased.co.uk
464,open.ac.uk,85,unbiased.co.uk
465,futurelearn.com,85,simplybusiness.co.uk
466,myregisteredsite.com,85,bark.com
467,yellowpages.com,85,bark.com
468,yourstory.com,85,simplybusiness.co.uk
469,huggingface.co,85,bark.com
470,abc7chicago.com,85,bark.com
471,muckrack.com,85,gosimpletax.com
472,konbini.com,85,bark.com
473,ello.co,85,bark.com
474,wkyc.com,85,bark.com
475,click2houston.com,85,bark.com
476,delish.com,85,bark.com
477,smallbiztrends.com,85,simplybusiness.co.uk
478,edgesuite.net,85,unbiased.co.uk
479,letsencrypt.org,85,bark.com
480,neocities.org,85,bark.com
481,letterboxd.com,85,bark.com
482,khou.com,85,bark.com
483,discover.hubpages.com,85,simplybusiness.co.uk
484,gq.com.mx,85,bark.com
485,11alive.com,85,bark.com
486,ccn.com,85,simplybusiness.co.uk
487,infogram.com,85,simplybusiness.co.uk
488,ntu.edu.tw,85,crunch.co.uk
489,autoevolution.com,85,bark.com
490,cancerresearchuk.org,85,unbiased.co.uk
491,bp.com,85,unbiased.co.uk
492,bristolpost.co.uk,84,"bark.com, crunch.co.uk, gosimpletax.com, simplybusiness.co.uk, unbiased.co.uk"
493,coventrytelegraph.net,84,"bark.com, crunch.co.uk, gosimpletax.com, simplybusiness.co.uk, unbiased.co.uk"
494,buzzsprout.com,84,"bark.com, crunch.co.uk, unbiased.co.uk"
495,instructure.com,84,"bark.com, simplybusiness.co.uk, unbiased.co.uk"
496,dev.to,84,"bark.com, crunch.co.uk, simplybusiness.co.uk"
497,mumsnet.com,84,"crunch.co.uk, simplybusiness.co.uk, unbiased.co.uk"
498,thriveglobal.com,84,"bark.com, crunch.co.uk"
499,appadvice.com,84,"bark.com, crunch.co.uk"
500,kemdikbud.go.id,84,bark.com
